{"train_rmse": [1.0376147031784058, 0.8304298520088196, 0.6766977310180664, 0.5714939832687378, 0.4997458755970001, 0.45198115706443787, 0.40879368782043457, 0.38556063175201416, 0.3587399423122406], "test_rmse": [97.54269409179688, 95.84394073486328, 94.4642562866211, 93.36341857910156, 92.45966339111328, 91.72887420654297, 91.07882690429688, 90.5519027709961, 90.06111907958984]}